id;title;description;availability;condition;price;link;image_link;brand;google_product_category;fb_product_category;inventory;sale_price;sale_price_effective_date;item_group_id;gender;color;size;age_group;material;pattern;shipping;shipping_weight
25;Ripador de Fitas;Ripador de Fitas;in stock;new;4,16;https://www.facebook.com/facebook_ripador-de-fitas;https://loja.mirapack.pt/27-large_default/ripador-de-fitas.jpg;mirapack;169,artes e artesanato;169,artes e artesanato;32;4,16;;;;;;;;;;
34;Palha de Papel - 1 kg;Palha de Papel - 1 kg;in stock;new;9,84;https://www.facebook.com/facebook_palha-de-papel_de_kg;https://loja.mirapack.pt/30-large_default/palha-de-papel-1-kg.jpg;mirapack;169,artes e artesanato;169,artes e artesanato;314;9,84;;;;;;;;;;
38;Envelope Gift - Pack 25 un.;Envelope Gift - Pack 25 un.;in stock;new;11,69;https://www.facebook.com/facebook_envelope_gift;https://loja.mirapack.pt/42-large_default/envelope-gift.jpg;mirapack;169,artes e artesanato;169,artes e artesanato;5;11,69;;;;;;;;;;
42;Envelope Gift Padrão - Pack 25 un;Envelope Gift Padrão - Pack 25 un;in stock;new;2,69;https://www.facebook.com/facebook_envolope_padrao;https://loja.mirapack.pt/44-large_default/envelope-gift-padrao-pack-25-un.jpg;mirapack;169,artes e artesanato;169,artes e artesanato;30;2,69;;;;;;;;;;
45;Caixa Oval - Pack 25 un.;Caixa Oval - Pack 25 un.;in stock;new;9,69;https://www.facebook.com/facebook_caixa_oval;https://loja.mirapack.pt/53-large_default/caixa-oval-pack-25-un.jpg;mirapack;169,artes e artesanato;169,artes e artesanato;157;9,69;;;;;;;;;;
46;Caixa Cube;Caixa Cube;in stock;new;1,47;https://www.facebook.com/facebook_caixa_cube;https://loja.mirapack.pt/60-large_default/caixa-cube.jpg;mirapack;169,artes e artesanato;169,artes e artesanato;42;1,47;;;;;;;;;;
47;Tabuleiro Leitão - Pack 25 un.;Tabuleiro Leitão - Pack 25 un.;in stock;new;18,88;https://www.facebook.com/facebook_tabuleiro_leitao_pack_de_un.;https://loja.mirapack.pt/591-large_default/tabuleiro-leitao-pack-25-un.jpg;mirapack;169,artes e artesanato;169,artes e artesanato;3;18,88;;;;;;;;;;
49;Caixa Gourmet - Pack 15 un.;Caixa Gourmet - Pack 15 un.;in stock;new;36,9;https://www.facebook.com/facebook_caixa_gourmet;https://loja.mirapack.pt/62-large_default/caixa-gourmet.jpg;mirapack;169,artes e artesanato;169,artes e artesanato;17;36,9;;;;;;;;;;
50;Caixas Kraft Natural Garrafa - Pack 25 un.;Caixas Kraft Natural Garrafa - Pack 25 un.;in stock;new;11,6;https://www.facebook.com/facebook_caixa_kraft_natural_garrafa;https://loja.mirapack.pt/73-large_default/caixas-kraft-natural-garrafa-pack-25-un.jpg;mirapack;169,artes e artesanato;169,artes e artesanato;15;11,6;;;;;;;;;;
55;Caixa Garrafa Preto - Pack 25 un.;Caixa Garrafa Preto - Pack 25 un.;in stock;new;17,6;https://www.facebook.com/facebook_caixa_vinho_preto;https://loja.mirapack.pt/74-large_default/caixa-vinho-preto.jpg;mirapack;169,artes e artesanato;169,artes e artesanato;4;17,6;;;;;;;;;;
57;Caixa Garrafa Canelado - Onda Avana - Pack 25 un.;Caixa Garrafa Canelado - Onda Avana - Pack 25 un.;in stock;new;21,81;https://www.facebook.com/facebook_caixa_garrafa_canelado;https://loja.mirapack.pt/77-large_default/caixa-garrafa-canelado-onda-avana-pack-25-un.jpg;mirapack;169,artes e artesanato;169,artes e artesanato;4;21,81;;;;;;;;;;
58;Caixa Garrafa em Preto com asa cordão - Pack 20 un.;Caixa Garrafa em Preto com asa cordão - Pack 20 un.;in stock;new;22,63;https://www.facebook.com/facebook_caixa_garrafa_em_preto_asa_cordao;https://loja.mirapack.pt/79-large_default/caixa-garrafa-em-preto-com-asa-cordao-pack-25-un.jpg;mirapack;169,artes e artesanato;169,artes e artesanato;9;22,63;;;;;;;;;;
59;Papel de Embrulho Fundo dourado com estrelas ouro e prata - Pack 25 un.;Papel de Embrulho Fundo dourado com estrelas ouro e prata - Pack 25 un.;in stock;new;23,06;https://www.facebook.com/facebook_papel_de_embrulho_fundo_dourado_com_estrelas_ouro_e_prata;https://loja.mirapack.pt/81-large_default/papel-de-embrulho-fundo-dourado-estrelas-ouro-e-prata-pack-25-un.jpg;mirapack;169,artes e artesanato;169,artes e artesanato;0;23,06;;;;;;;;;;
60;Papel de Embrulho Cores Lisas - Pack 25 un.;Papel de Embrulho Cores Lisas - Pack 25 un.;in stock;new;23,06;https://www.facebook.com/facebook_papel_de_embrulho_cores_lisas;https://loja.mirapack.pt/82-large_default/papel-de-embrulho-cinza-claro.jpg;mirapack;169,artes e artesanato;169,artes e artesanato;85;23,06;;;;;;;;;;
64;Papel de Embrulho fundo roxo com folhas rosa e ouro - Pack 25 un.;Papel de Embrulho fundo roxo com folhas rosa e ouro - Pack 25 un.;in stock;new;23,06;https://www.facebook.com/facebook_papel_de_embrulho_fundo_roxo_com_folhas_rosa_e_ouro;https://loja.mirapack.pt/83-large_default/papel-de-embrulho-fundo-roxo-com-folhas-rosa-e-ouro-pack-15-un.jpg;mirapack;169,artes e artesanato;169,artes e artesanato;16;23,06;;;;;;;;;;
65;Papel de Embrulho vermelho com folhas laranja e ouro - Pack 25 un.;Papel de Embrulho vermelho com folhas laranja e ouro - Pack 25 un.;in stock;new;23,06;https://www.facebook.com/facebook_papel_de_embrulho_vermelho_com_folhas_laranja_e_ouro;https://loja.mirapack.pt/84-large_default/papel-de-embrulho-vermelho-com-folhas-laranja-e-ouro-pack-25-un.jpg;mirapack;169,artes e artesanato;169,artes e artesanato;8;23,06;;;;;;;;;;
67;Papel de Embrulho fundo castanho com círculos prata - Pack de 25 un.;Papel de Embrulho fundo castanho com círculos prata - Pack de 25 un.;in stock;new;23,06;https://www.facebook.com/facebook_papel_de_embrulho_fundo_castanho_com_círculos_prata;https://loja.mirapack.pt/86-large_default/papel-de-embrulho-fundo-castanho-com-circulos-prata-pack-de-25-un.jpg;mirapack;169,artes e artesanato;169,artes e artesanato;1;23,06;;;;;;;;;;
69;Papel de Embrulho riscas em prata preto e cinza - Pack 25 un.;Papel de Embrulho riscas em prata preto e cinza - Pack 25 un.;in stock;new;23,06;https://www.facebook.com/facebook_papel_de_embrulho_riscas_em_prata_preto_e_cinza;https://loja.mirapack.pt/88-large_default/papel-de-embrulho-riscas-em-prata-preto-e-cinza-pack-25-un.jpg;mirapack;169,artes e artesanato;169,artes e artesanato;8;23,06;;;;;;;;;;
72;Papel de Embrulho dourado com círculos - Pack 25 un.;Papel de Embrulho dourado com círculos - Pack 25 un.;in stock;new;23,06;https://www.facebook.com/facebook_papel_de_embrulho_dourado_com_círculos;https://loja.mirapack.pt/88-large_default/papel-de-embrulho-riscas-em-prata-preto-e-cinza-pack-25-un.jpg;mirapack;169,artes e artesanato;169,artes e artesanato;1;23,06;;;;;;;;;;
73;Papel de Embrulho fundo preto estrelas prata - Pack 25 un.;Papel de Embrulho fundo preto estrelas prata - Pack 25 un.;in stock;new;15,49;https://www.facebook.com/facebook_papel_de_embrulho_fundo_preto_estrelas_prata;https://loja.mirapack.pt/91-large_default/papel-de-embrulho-fundo-preto-estrelas-prata-pack-25-un.jpg;mirapack;169,artes e artesanato;169,artes e artesanato;3;15,49;;;;;;;;;;
74;Papel de Embrulho xadrez preto, ouro e beje - Pack 25 un.;Papel de Embrulho xadrez preto, ouro e beje - Pack 25 un.;in stock;new;23,06;https://www.facebook.com/facebook_papel_de_embrulho_ xadrez_preto_ouro_e_beje;https://loja.mirapack.pt/92-large_default/papel-de-embrulho-xadrez-preto-ouro-e-beje-pack-25-un.jpg;mirapack;169,artes e artesanato;169,artes e artesanato;2;23,06;;;;;;;;;;
75;Papel de Embrulho roxo com estrelas prata e ouro - Pack 25 un.;Papel de Embrulho roxo com estrelas prata e ouro - Pack 25 un.;in stock;new;23,06;https://www.facebook.com/facebook_papel_de_embrulho_roxo_com_estrelas_prata_e_ouro;https://loja.mirapack.pt/93-large_default/papel-de-embrulho-roxo-com-estrelas-prata-e-ouro-pack-25-un.jpg;mirapack;169,artes e artesanato;169,artes e artesanato;5;23,06;;;;;;;;;;
76;Papel de Embrulho dourado com estrela ouro e prata - Pack 25 un.;Papel de Embrulho dourado com estrela ouro e prata - Pack 25 un.;in stock;new;23,06;https://www.facebook.com/facebook_papel_de_embrulho_dourado_com_estrela_ouro_e_prata;https://loja.mirapack.pt/94-large_default/papel-de-embrulho-dourado-com-estrela-ouro-e-prata-pack-25-un.jpg;mirapack;169,artes e artesanato;169,artes e artesanato;0;23,06;;;;;;;;;;
77;Papel de Embrulho laranja com bonecos de neve - Pack 25 un.;Papel de Embrulho laranja com bonecos de neve - Pack 25 un.;in stock;new;23,06;https://www.facebook.com/facebook_papel_de_embrulho_laranja_com_bonecos_de_neve;https://loja.mirapack.pt/95-large_default/papel-de-embrulho-laranja-com-bonecos-de-neve-pack-25-un.jpg;mirapack;169,artes e artesanato;169,artes e artesanato;1;23,06;;;;;;;;;;
78;Papel de Embrulho azul com espirais e folhas - Pack 25 un.;Papel de Embrulho azul com espirais e folhas - Pack 25 un.;in stock;new;10,77;https://www.facebook.com/facebook_papel_de_embrulho_azul_com_espirais_e_folhas;https://loja.mirapack.pt/96-large_default/papel-de-embrulho-azul-com-espirais-e-folhas-pack-25-un.jpg;mirapack;169,artes e artesanato;169,artes e artesanato;1;10,77;;;;;;;;;;
79;Papel de Embrulho animais da quinta - Pack 25 un.;Papel de Embrulho animais da quinta - Pack 25 un.;in stock;new;15,49;https://www.facebook.com/facebook_papel_de_embrulho_animais_da_quinta;https://loja.mirapack.pt/97-large_default/papel-de-embrulho-animais-da-quinta-pack-25-un.jpg;mirapack;169,artes e artesanato;169,artes e artesanato;2;15,49;;;;;;;;;;
81;Papel de Embrulho bordeaux com linhas douradas - Pack 25 un.;Papel de Embrulho bordeaux com linhas douradas - Pack 25 un.;in stock;new;23,06;https://www.facebook.com/facebook_papel_de_embrulho_bordeaux_com_linhas_douradas;https://loja.mirapack.pt/103-large_default/papel-de-embrulho-bordeaux-com-linhas-douradas-pack-25-un.jpg;mirapack;169,artes e artesanato;169,artes e artesanato;5;23,06;;;;;;;;;;
82;Papel de Embrulho rosa com padrão - Pack 25 un.;Papel de Embrulho rosa com padrão - Pack 25 un.;in stock;new;10,77;https://www.facebook.com/facebook_papel_de_embrulho_rosa_com_padrao;https://loja.mirapack.pt/104-large_default/papel-de-embrulho-rosa-com-padrao-pack-25-un.jpg;mirapack;169,artes e artesanato;169,artes e artesanato;3;10,77;;;;;;;;;;
83;Papel de Embrulho beja com padrão - Pack 25 un.;Papel de Embrulho beja com padrão - Pack 25 un.;in stock;new;10,77;https://www.facebook.com/facebook_papel_de_embrulho_beja_com_padrao;https://loja.mirapack.pt/105-large_default/papel-de-embrulho-beja-com-padrao-pack-25-un.jpg;mirapack;169,artes e artesanato;169,artes e artesanato;1;10,77;;;;;;;;;;
84;Papel de Embrulho tons cinza com padrão - Pack 25 un.;Papel de Embrulho tons cinza com padrão - Pack 25 un.;in stock;new;15,49;https://www.facebook.com/facebook_papel_de_embrulho_tons_cinza_com_padrao;https://loja.mirapack.pt/106-large_default/papel-de-embrulho-tons-cinza-com-padrao-pack-25-un.jpg;mirapack;169,artes e artesanato;169,artes e artesanato;2;15,49;;;;;;;;;;
85;Papel de Embrulho laranja com padrão de gatos - Pack 25 un.;Papel de Embrulho laranja com padrão de gatos - Pack 25 un.;in stock;new;15,49;https://www.facebook.com/facebook_papel_de_embrulho_laranja_com_padrao_de_gatos;https://loja.mirapack.pt/107-large_default/papel-de-embrulho-laranja-com-padrao-de-gatos-pack-25-un.jpg;mirapack;169,artes e artesanato;169,artes e artesanato;10;15,49;;;;;;;;;;
86;Papel de Embrulho tons azuis com padrão - Pack 25 un.;Papel de Embrulho tons azuis com padrão - Pack 25 un.;in stock;new;23,06;https://www.facebook.com/facebook_papel_de_embrulho_tons_azuis_com_padrao;https://loja.mirapack.pt/108-large_default/papel-de-embrulho-tons-azuis-com-padrao-pack-25-un.jpg;mirapack;169,artes e artesanato;169,artes e artesanato;3;23,06;;;;;;;;;;
87;Papel de Embrulho verde com padrão - Pack 25 un.;Papel de Embrulho verde com padrão - Pack 25 un.;in stock;new;23,06;https://www.facebook.com/facebook_papel_deembrulho_verde_com_padrao;https://loja.mirapack.pt/110-large_default/papel-de-embrulho-verde-com-padrao-pack-25-un.jpg;mirapack;169,artes e artesanato;169,artes e artesanato;4;23,06;;;;;;;;;;
88;Papel de embrulho cinza escuro com padrão - Pack 25 un.;Papel de embrulho cinza escuro com padrão - Pack 25 un.;in stock;new;23,06;https://www.facebook.com/facebook_papel_de_embrulho_cinza_escuro_com_padrao;https://loja.mirapack.pt/111-large_default/papel-de-embrulho-cinza-escuro-com-padrao-pack-25-un.jpg;mirapack;169,artes e artesanato;169,artes e artesanato;23;23,06;;;;;;;;;;
90;Papel de Embrulho brilho - Pack 50 un.;Papel de Embrulho brilho - Pack 50 un.;in stock;new;23,38;https://www.facebook.com/facebook_papel_de_embrulho_brilho;https://loja.mirapack.pt/114-large_default/papel-de-embrulho-brilho-pack-50-un.jpg;mirapack;169,artes e artesanato;169,artes e artesanato;2;23,38;;;;;;;;;;
92;Papel de Embrulho riscas azuis - Pack 25 un.;Papel de Embrulho riscas azuis - Pack 25 un.;in stock;new;10,77;https://www.facebook.com/facebook_papel_de_embrulho_riscas_azuis;https://loja.mirapack.pt/116-large_default/papel-de-embrulho-riscas-azuis-pack-25-un.jpg;mirapack;169,artes e artesanato;169,artes e artesanato;9;10,77;;;;;;;;;;
93;Papel de Embrulho riscas vermelho e ouro - Pack 25 un.;Papel de Embrulho riscas vermelho e ouro - Pack 25 un.;in stock;new;10,77;https://www.facebook.com/facebook_papel_de_embrulho_riscas_vermelho_e_ouro;https://loja.mirapack.pt/117-large_default/papel-de-embrulho-riscas-vermelho-e-ouro-pack-25-un.jpg;mirapack;169,artes e artesanato;169,artes e artesanato;9;10,77;;;;;;;;;;
94;Papel de Embrulho padrão floreado - Pack 25 un.;Papel de Embrulho padrão floreado - Pack 25 un.;in stock;new;10,77;https://www.facebook.com/facebook_papel_de_embrulho_padrao_floreado;https://loja.mirapack.pt/118-large_default/papel-de-embrulho-padrao-floreado-pack-25-un.jpg;mirapack;169,artes e artesanato;169,artes e artesanato;15;10,77;;;;;;;;;;
96;Papel de Embrulho padrão multicolor - Pack 25 un.;Papel de Embrulho padrão multicolor - Pack 25 un.;in stock;new;10,77;https://www.facebook.com/facebook_papel_de_embrulho_padrao_multicolor;https://loja.mirapack.pt/119-large_default/papel-de-embrulho-padrao-multicolor-pack-25-un.jpg;mirapack;169,artes e artesanato;169,artes e artesanato;9;10,77;;;;;;;;;;
97;Papel de Embrulho - Rolo propileno ouro 70 cm x 25 m;Papel de Embrulho - Rolo propileno ouro 70 cm x 25 m;in stock;new;36,9;https://www.facebook.com/facebook_papel_de_embrulho_rolo_propileno_ouro;https://loja.mirapack.pt/120-large_default/rolo-de-papel-de-embrulho-propileno-70-cm-x-25-m.jpg;mirapack;169,artes e artesanato;169,artes e artesanato;6;36,9;;;;;;;;;;
98;Papel de Embrulho - Rolo cores planas - 70 cm x 100 m.;Papel de Embrulho - Rolo cores planas - 70 cm x 100 m.;in stock;new;92,25;https://www.facebook.com/facebook_papel_de_embrulho_rolo_cores_planas;https://loja.mirapack.pt/121-large_default/rolo-de-papel-de-embrulho-70-cm-x-100-m.jpg;mirapack;169,artes e artesanato;169,artes e artesanato;13;92,25;;;;;;;;;;
99;Papel de Embrulho - Rolo cinza padrão e prata - 70 cm.;Papel de Embrulho - Rolo cinza padrão e prata - 70 cm.;in stock;new;92,25;https://www.facebook.com/facebook_papel_de_embrulho_rolo_cinza_padrao_e_prata;https://loja.mirapack.pt/126-large_default/papel-de-embrulho-rolo-cinza-padrao-e-prata-70-cm.jpg;mirapack;169,artes e artesanato;169,artes e artesanato;1;92,25;;;;;;;;;;
100;Papel de Embrulho - Rolo com padrão 70 cm x 50 mt.;Papel de Embrulho - Rolo com padrão 70 cm x 50 mt.;in stock;new;43,05;https://www.facebook.com/facebook_papel_de_embrulho_rolo_com_padrao;https://loja.mirapack.pt/128-large_default/papel-de-embrulho-rolo-com-padrao-.jpg;mirapack;169,artes e artesanato;169,artes e artesanato;5;43,05;;;;;;;;;;
101;Papel de Embrulho vermelho com padrão dourado - 70 cm x 100 mt.;Papel de Embrulho vermelho com padrão dourado - 70 cm x 100 mt.;in stock;new;92,25;https://www.facebook.com/facebook_papel_de_embrulho_ vermelho_com_padrao_dourado;https://loja.mirapack.pt/129-large_default/papel-de-embrulho-vermelho-com-padrao-dourado-70-cm-x-100-mt.jpg;mirapack;169,artes e artesanato;169,artes e artesanato;2;92,25;;;;;;;;;;
102;Papel de Embrulho - Rolo cinza com riscas brancas - 70 cm x 50 mt.;Papel de Embrulho - Rolo cinza com riscas brancas - 70 cm x 50 mt.;in stock;new;67,65;https://www.facebook.com/facebook_papel_de_embrulho_rolo_cinza_com_riscas_brancas;https://loja.mirapack.pt/130-large_default/papel-de-embrulho-rolo-cinza-com-riscas-brancas-70-cm-x-50-mt.jpg;mirapack;169,artes e artesanato;169,artes e artesanato;1;67,65;;;;;;;;;;
103;Papel de embrulho - rolo branco com bolas douradas - 70 cm x 25 mt;Papel de embrulho - rolo branco com bolas douradas - 70 cm x 25 mt;in stock;new;36,9;https://www.facebook.com/facebook_papel_de_embrulho_rolo_branco_com_bolas_douradas;https://loja.mirapack.pt/131-large_default/papel-de-embrulho-rolo-branco-com-bolas-douradas-70-cm-x-25-mt.jpg;mirapack;169,artes e artesanato;169,artes e artesanato;10;36,9;;;;;;;;;;
104;Papel de Embrulho - rolo prata brilho - 70 cm.;Papel de Embrulho - rolo prata brilho - 70 cm.;in stock;new;92,25;https://www.facebook.com/facebook_papel_de_embrulho_rolo_prata_brilho;https://loja.mirapack.pt/132-large_default/papel-de-embrulho-rolo-prata-brilho-70-cm.jpg;mirapack;169,artes e artesanato;169,artes e artesanato;2;92,25;;;;;;;;;;
106;Papel de Embrulho - Rolo branco com traços dourados - 70 cm.;Papel de Embrulho - Rolo branco com traços dourados - 70 cm.;in stock;new;92,25;https://www.facebook.com/facebook_papel_de_embrulho_rolo_branco_com_tracos_dourados;https://loja.mirapack.pt/134-large_default/papel-de-embrulho-rolo-branco-com-tracos-dourados-70-cm.jpg;mirapack;169,artes e artesanato;169,artes e artesanato;2;92,25;;;;;;;;;;
107;Papel de Embrulho - rolo rosa com bolas brancas - 70 cm x 50 mt.;Papel de Embrulho - rolo rosa com bolas brancas - 70 cm x 50 mt.;in stock;new;67,65;https://www.facebook.com/facebook_papel_de_embrulho_rolo_rosa_com_bolas_brancas;https://loja.mirapack.pt/135-large_default/papel-de-embrulho-rolo-rosa-com-bolas-brancas-70-cm-x-50-mt.jpg;mirapack;169,artes e artesanato;169,artes e artesanato;2;67,65;;;;;;;;;;
109;Papel de Embrulho - rolo padrão natal - 70 cm x 2 mt.;Papel de Embrulho - rolo padrão natal - 70 cm x 2 mt.;in stock;new;1,85;https://www.facebook.com/facebook_papel_de_embrulho_rolo_padrao_natal;https://loja.mirapack.pt/136-large_default/papel-de-embrulho-rolo-padrao-natal-70-cm-x-2-mt.jpg;mirapack;169,artes e artesanato;169,artes e artesanato;48;1,85;;;;;;;;;;
111;Papel de Seda - Cores variadas - 50x70 cm (Resma);Papel de Seda - Cores variadas - 50x70 cm (Resma);in stock;new;24,6;https://www.facebook.com/facebook_papel_de_seda_cores_variadas;https://loja.mirapack.pt/145-large_default/papel-de-seda-cores-variadas-60x80-cm.jpg;mirapack;169,artes e artesanato;169,artes e artesanato;48;24,6;;;;;;;;;;
112;Papel Sulfito - 60x80 cm (Resma);Papel Sulfito - 60x80 cm (Resma);in stock;new;14,15;https://www.facebook.com/facebook_papel_sulfito;https://loja.mirapack.pt/161-large_default/papel-sulfito-60x80-cm-resma.jpg;mirapack;169,artes e artesanato;169,artes e artesanato;5;14,15;;;;;;;;;;
116;Fita Brilho Amarelo;Fita Brilho Amarelo;in stock;new;2,21;https://www.facebook.com/facebook_fita_brilho_amarela;https://loja.mirapack.pt/163-large_default/fita-brilho-amarela.jpg;mirapack;169,artes e artesanato;169,artes e artesanato;57;2,21;;;;;;;;;;
117;Fita Brilho Amarelo Torrado;Fita Brilho Amarelo Torrado;in stock;new;2,21;https://www.facebook.com/facebook_fita_brilho_amarelo_torrado;https://loja.mirapack.pt/165-large_default/fita-brilho-amarelo-torrado.jpg;mirapack;169,artes e artesanato;169,artes e artesanato;94;2,21;;;;;;;;;;
118;Fita Brilho Bordeaux;Fita Brilho Bordeaux;in stock;new;2,13;https://www.facebook.com/facebook_fita_brilho_bordeaux;https://loja.mirapack.pt/167-large_default/fita-brilho-bordeaux.jpg;mirapack;169,artes e artesanato;169,artes e artesanato;106;2,13;;;;;;;;;;
119;Fita Brilho Castanho;Fita Brilho Castanho;in stock;new;2,21;https://www.facebook.com/facebook_fita_brilho_castanho;https://loja.mirapack.pt/169-large_default/fita-brilho-castanho.jpg;mirapack;169,artes e artesanato;169,artes e artesanato;24;2,21;;;;;;;;;;
120;Fita Brilho Laranja;Fita Brilho Laranja;in stock;new;2,21;https://www.facebook.com/facebook_fita_brilho_laranja;https://loja.mirapack.pt/171-large_default/fita-brilho-laranja.jpg;mirapack;169,artes e artesanato;169,artes e artesanato;52;2,21;;;;;;;;;;
121;Fita Brilho Laranja Claro;Fita Brilho Laranja Claro;in stock;new;2,21;https://www.facebook.com/facebook_fita_brilho_laranja_claro;https://loja.mirapack.pt/173-large_default/fita-brilho-laranja-claro.jpg;mirapack;169,artes e artesanato;169,artes e artesanato;22;2,21;;;;;;;;;;
124;Fita Brilho Lilás;Fita Brilho Lilás;in stock;new;2,13;https://www.facebook.com/facebook_fita_brilho_lilas;https://loja.mirapack.pt/176-large_default/fita-brilho-lilas.jpg;mirapack;169,artes e artesanato;169,artes e artesanato;34;2,13;;;;;;;;;;
125;Fita Brilho Preta;Fita Brilho Preta;in stock;new;2,21;https://www.facebook.com/facebook_fita_brilho_preta;https://loja.mirapack.pt/179-large_default/fita-brilho-preta.jpg;mirapack;169,artes e artesanato;169,artes e artesanato;27;2,21;;;;;;;;;;
126;Fita Brilho Roxa;Fita Brilho Roxa;in stock;new;2,13;https://www.facebook.com/facebook_fita_brilho_roxa;https://loja.mirapack.pt/181-large_default/fita-brilho-roxa.jpg;mirapack;169,artes e artesanato;169,artes e artesanato;4;2,13;;;;;;;;;;
127;Fita Brilho Verde;Fita Brilho Verde;in stock;new;2,13;https://www.facebook.com/facebook_fita_brilho_verde;https://loja.mirapack.pt/182-large_default/fita-brilho-verde.jpg;mirapack;169,artes e artesanato;169,artes e artesanato;37;2,13;;;;;;;;;;
128;Fita Brilho Verde Escuro;Fita Brilho Verde Escuro;in stock;new;2,13;https://www.facebook.com/facebook_fita_brilho_verde_escuro;https://loja.mirapack.pt/185-large_default/fita-brilho-verde-escuro.jpg;mirapack;169,artes e artesanato;169,artes e artesanato;6;2,13;;;;;;;;;;
129;Fita Brilho Verde Musgo;Fita Brilho Verde Musgo;in stock;new;2,13;https://www.facebook.com/facebook_fita_brilho_verde_musgo;https://loja.mirapack.pt/186-large_default/fita-brilho-verde-musgo.jpg;mirapack;169,artes e artesanato;169,artes e artesanato;16;2,13;;;;;;;;;;
130;Fita Brilho Coral;Fita Brilho Coral;in stock;new;2,83;https://www.facebook.com/facebook_fita_brilho_coral;https://loja.mirapack.pt/188-large_default/fita-brilho-coral.jpg;mirapack;169,artes e artesanato;169,artes e artesanato;6;2,83;;;;;;;;;;
132;Fita Brilho Azul Escuro;Fita Brilho Azul Escuro;in stock;new;2,13;https://www.facebook.com/facebook_fita_azul_escuro;https://loja.mirapack.pt/191-large_default/fita-azul-escuro.jpg;mirapack;169,artes e artesanato;169,artes e artesanato;26;2,13;;;;;;;;;;
134;Fita Brilho Azul Petróleo;Fita Brilho Azul Petróleo;in stock;new;2,21;https://www.facebook.com/facebook_fita_brilho_azul_petroleo;https://loja.mirapack.pt/194-large_default/fita-brilho-azul-petroleo.jpg;mirapack;169,artes e artesanato;169,artes e artesanato;2;2,21;;;;;;;;;;
136;Fita Brilho Rosa;Fita Brilho Rosa;in stock;new;2,21;https://www.facebook.com/facebook_fita_brilho_rosa;https://loja.mirapack.pt/195-large_default/fita-brilho-rosa.jpg;mirapack;169,artes e artesanato;169,artes e artesanato;6;2,21;;;;;;;;;;
137;Fita Brilho Verde Claro;Fita Brilho Verde Claro;in stock;new;2,21;https://www.facebook.com/facebook_fita_brilho_verde_claro;https://loja.mirapack.pt/197-large_default/fita-brilho-verde-claro.jpg;mirapack;169,artes e artesanato;169,artes e artesanato;9;2,21;;;;;;;;;;
138;Fita Brilho Vermelho;Fita Brilho Vermelho;in stock;new;2,21;https://www.facebook.com/facebook_fita_brilho_vermelho;https://loja.mirapack.pt/198-large_default/fita-brilho-vermelho.jpg;mirapack;169,artes e artesanato;169,artes e artesanato;18;2,21;;;;;;;;;;
139;Fita Brilho Cinza;Fita Brilho Cinza;in stock;new;2,83;https://www.facebook.com/facebook_fita_brilho_cinza;https://loja.mirapack.pt/199-large_default/fita-brilho-cinza.jpg;mirapack;169,artes e artesanato;169,artes e artesanato;3;2,83;;;;;;;;;;
140;Fita Brilho Prata;Fita Brilho Prata;in stock;new;2,83;https://www.facebook.com/facebook_fita_brilho_prata;https://loja.mirapack.pt/200-large_default/fita-brilho-prata.jpg;mirapack;169,artes e artesanato;169,artes e artesanato;3;2,83;;;;;;;;;;
141;Fita Brilho Azul Claro;Fita Brilho Azul Claro;in stock;new;2,21;https://www.facebook.com/facebook_fita_brilho_azul_claro;https://loja.mirapack.pt/201-large_default/fita-brilho-azul-claro.jpg;mirapack;169,artes e artesanato;169,artes e artesanato;13;2,21;;;;;;;;;;
142;Fita Brilho Branca;Fita Brilho Branca;in stock;new;2,21;https://www.facebook.com/facebook_fita_brilho_branca;https://loja.mirapack.pt/202-large_default/fita-brilho-branca.jpg;mirapack;169,artes e artesanato;169,artes e artesanato;20;2,21;;;;;;;;;;
143;Fita Brilho Fuchsia;Fita Brilho Fuchsia;in stock;new;2,21;https://www.facebook.com/facebook_fita_brilho_fuchsia;https://loja.mirapack.pt/203-large_default/fita-brilho-fuchsia.jpg;mirapack;169,artes e artesanato;169,artes e artesanato;19;2,21;;;;;;;;;;
144;Fita Brilho Verde Alface;Fita Brilho Verde Alface;in stock;new;2,21;https://www.facebook.com/facebook_fita_brilho_verde_alface;https://loja.mirapack.pt/204-large_default/fita-brilho-verde-alface.jpg;mirapack;169,artes e artesanato;169,artes e artesanato;18;2,21;;;;;;;;;;
145;Fita Brilho Verde Tropa;Fita Brilho Verde Tropa;in stock;new;2,21;https://www.facebook.com/facebook_fita_brilho_verde_tropa;https://loja.mirapack.pt/205-large_default/fita-brilho-verde-tropa.jpg;mirapack;169,artes e artesanato;169,artes e artesanato;20;2,21;;;;;;;;;;
146;Fita Brilho Azul Turquesa;Fita Brilho Azul Turquesa;in stock;new;2,13;https://www.facebook.com/facebook_fita_brilho_azul_turquesa;https://loja.mirapack.pt/206-large_default/fita-brilho-azul-turquesa.jpg;mirapack;169,artes e artesanato;169,artes e artesanato;20;2,13;;;;;;;;;;
149;Fita Padrão Riscado e Texturado;Fita Padrão Riscado e Texturado;in stock;new;5,39;https://www.facebook.com/facebook_fita_com_padrao_riscado_e_texturado;https://loja.mirapack.pt/218-large_default/fita-com-padrao-riscado-e-texturado.jpg;mirapack;169,artes e artesanato;169,artes e artesanato;28;5,39;;;;;;;;;;
150;Fita Padrão Quadrados e Rectangulos;Fita Padrão Quadrados e Rectangulos;in stock;new;6,25;https://www.facebook.com/facebook_fita_padrao_quadrados_e_rectangulos;https://loja.mirapack.pt/222-large_default/fita-padrao-quadrados-e-rectangulos.jpg;mirapack;169,artes e artesanato;169,artes e artesanato;280;6,25;;;;;;;;;;
151;Fita Padrão Ondas;Fita Padrão Ondas;in stock;new;8,47;https://www.facebook.com/facebook_fita_padrao_ondas;https://loja.mirapack.pt/228-large_default/fita-padrao-ondas-10-mm-x-150-mt.jpg;mirapack;169,artes e artesanato;169,artes e artesanato;80;8,47;;;;;;;;;;
153;Fita Decorativa;Fita Decorativa;in stock;new;11,27;https://www.facebook.com/facebook_fita_decorativa_10;https://loja.mirapack.pt/230-large_default/fita-decorativa-10-mm-x-25-mt.jpg;mirapack;169,artes e artesanato;169,artes e artesanato;26;11,27;;;;;;;;;;
154;Fita Decorativa;Fita Decorativa;in stock;new;12,89;https://www.facebook.com/facebook_fita_decorativa_15;https://loja.mirapack.pt/232-large_default/fita-decorativa-15-mm-x-20-mt.jpg;mirapack;169,artes e artesanato;169,artes e artesanato;46;12,89;;;;;;;;;;
155;Fita Decorativa;Fita Decorativa;in stock;new;13;https://www.facebook.com/facebook_fita_decorativa_25;https://loja.mirapack.pt/234-large_default/fita-decorativa-25-mm-x-20-mt.jpg;mirapack;169,artes e artesanato;169,artes e artesanato;14;13;;;;;;;;;;
156;Fita Decorativa 25 mm x 25 mt;Fita Decorativa 25 mm x 25 mt;in stock;new;16,19;https://www.facebook.com/facebook_fita_decorativa_25;https://loja.mirapack.pt/236-large_default/fita-decorativa-25-mm-x-25-mt.jpg;mirapack;169,artes e artesanato;169,artes e artesanato;7;16,19;;;;;;;;;;
157;Fita Decorativa em rede 40 mm x 10 mt;Fita Decorativa em rede 40 mm x 10 mt;in stock;new;8,87;https://www.facebook.com/facebook_fita_decorativa_em_rede;https://loja.mirapack.pt/237-large_default/fita-decorativa-em-rede-40-mm-x-10-mt.jpg;mirapack;169,artes e artesanato;169,artes e artesanato;2;8,87;;;;;;;;;;
158;Fita Decorativa Prasent 22 mm x 25 mt;Fita Decorativa Prasent 22 mm x 25 mt;in stock;new;16,19;https://www.facebook.com/facebook_fita_decorativa_prasent;https://loja.mirapack.pt/238-large_default/fita-decorativa-prasent-22-mm-x-25-mt.jpg;mirapack;169,artes e artesanato;169,artes e artesanato;14;16,19;;;;;;;;;;
159;Fita Ecológica;Fita Ecológica;in stock;new;4,15;https://www.facebook.com/facebook_fita_ecologica;https://loja.mirapack.pt/240-large_default/fita-ecologica-40-mm-x-45-mt.jpg;mirapack;169,artes e artesanato;169,artes e artesanato;88;4,15;;;;;;;;;;
160;Fita Mate Ouro Velho;Fita Mate Ouro Velho;in stock;new;5,47;https://www.facebook.com/facebook_fita_mate_ouro_velho;https://loja.mirapack.pt/243-large_default/fita-mate-ouro-velho.jpg;mirapack;169,artes e artesanato;169,artes e artesanato;13;5,47;;;;;;;;;;
161;Fita Mate Azul Petróleo;Fita Mate Azul Petróleo;in stock;new;5,26;https://www.facebook.com/facebook_fita_mate_azul_petroleo;https://loja.mirapack.pt/245-large_default/fita-mate-azul-petroleo.jpg;mirapack;169,artes e artesanato;169,artes e artesanato;56;5,26;;;;;;;;;;
163;Fita Mate Azul Claro;Fita Mate Azul Claro;in stock;new;5,26;https://www.facebook.com/facebook_fita_mate_azul_claro;https://loja.mirapack.pt/247-large_default/fita-mate-azul-claro.jpg;mirapack;169,artes e artesanato;169,artes e artesanato;1;5,26;;;;;;;;;;
164;Fita Mate Castanha;Fita Mate Castanha;in stock;new;5,26;https://www.facebook.com/facebook_fita_mate_castanha;https://loja.mirapack.pt/248-large_default/fita-mate-castanha.jpg;mirapack;169,artes e artesanato;169,artes e artesanato;3;5,26;;;;;;;;;;
165;Fita Mate Fuschia;Fita Mate Fuschia;in stock;new;5,26;https://www.facebook.com/facebook_fita_mate_fuschia;https://loja.mirapack.pt/249-large_default/fita-mate-fuschia.jpg;mirapack;169,artes e artesanato;169,artes e artesanato;6;5,26;;;;;;;;;;
170;Fita Mate Lilás;Fita Mate Lilás;in stock;new;5,26;https://www.facebook.com/facebook_fita_mate_lilas;https://loja.mirapack.pt/249-large_default/fita-mate-fuschia.jpg;mirapack;169,artes e artesanato;169,artes e artesanato;6;5,26;;;;;;;;;;
171;Fita Mate Rosa Velho;Fita Mate Rosa Velho;in stock;new;5,26;https://www.facebook.com/facebook_fita_mate_rosa_velho;https://loja.mirapack.pt/252-large_default/fita-mate-rosa-velho.jpg;mirapack;169,artes e artesanato;169,artes e artesanato;1;5,26;;;;;;;;;;
172;Fita Mate Verde;Fita Mate Verde;in stock;new;5,26;https://www.facebook.com/facebook_fita_mate_verde;https://loja.mirapack.pt/253-large_default/fita-mate-verde.jpg;mirapack;169,artes e artesanato;169,artes e artesanato;2;5,26;;;;;;;;;;
173;Fita Mate Ouro Escuro;Fita Mate Ouro Escuro;in stock;new;4,87;https://www.facebook.com/facebook_fita_mate_ouro_escuro;https://loja.mirapack.pt/254-large_default/fita-mate-ouro-escuro.jpg;mirapack;169,artes e artesanato;169,artes e artesanato;4;4,87;;;;;;;;;;
174;Fita Mate Ouro;Fita Mate Ouro;in stock;new;7;https://www.facebook.com/facebook_fita_mate_ouro;https://loja.mirapack.pt/256-large_default/fita-mate-ouro-31-mm-x-100-mt.jpg;mirapack;169,artes e artesanato;169,artes e artesanato;3;7;;;;;;;;;;
175;Fita Mate Vermelha;Fita Mate Vermelha;in stock;new;7;https://www.facebook.com/facebook_fita_mate_vermelha;https://loja.mirapack.pt/257-large_default/fita-mate-vermelha-31-mm-x-100-mt.jpg;mirapack;169,artes e artesanato;169,artes e artesanato;4;7;;;;;;;;;;
176;Fita Mate Prata;Fita Mate Prata;in stock;new;10,21;https://www.facebook.com/facebook_fita_mate_prata;https://loja.mirapack.pt/258-large_default/fita-mate-prata-50-mm-x-100-mt.jpg;mirapack;169,artes e artesanato;169,artes e artesanato;2;10,21;;;;;;;;;;
178;Fita Metalizada Vermelha;Fita Metalizada Vermelha;in stock;new;6,33;https://www.facebook.com/facebook_fita_metalizada_vermelha;https://loja.mirapack.pt/259-large_default/fita-metalizada-vermelha.jpg;mirapack;169,artes e artesanato;169,artes e artesanato;11;6,33;;;;;;;;;;
179;Fita Metalizada Azul Escuro;Fita Metalizada Azul Escuro;in stock;new;6,33;https://www.facebook.com/facebook_fita_metalizada_azul_escuro;https://loja.mirapack.pt/263-large_default/fita-metalizada-azul-escuro.jpg;mirapack;169,artes e artesanato;169,artes e artesanato;6;6,33;;;;;;;;;;
180;Fita Metalizada Castanha;Fita Metalizada Castanha;in stock;new;6,33;https://www.facebook.com/facebook_fita_metalizada_castanha;https://loja.mirapack.pt/264-large_default/fita-metalizada-castanha.jpg;mirapack;169,artes e artesanato;169,artes e artesanato;2;6,33;;;;;;;;;;
181;Fita Metalizada Fuschia;Fita Metalizada Fuschia;in stock;new;6,33;https://www.facebook.com/facebook_fita_metalizada_fuschia;https://loja.mirapack.pt/265-large_default/fita-metalizada-fuschia.jpg;mirapack;169,artes e artesanato;169,artes e artesanato;46;6,33;;;;;;;;;;
182;Fita Metalizada Prata;Fita Metalizada Prata;in stock;new;6,33;https://www.facebook.com/facebook_fita_metalizada_prata;https://loja.mirapack.pt/269-large_default/fita-metalizada-prata.jpg;mirapack;169,artes e artesanato;169,artes e artesanato;58;6,33;;;;;;;;;;
183;Fita Metalizada Roxa;Fita Metalizada Roxa;in stock;new;6,33;https://www.facebook.com/facebook_fita_metalizada_roxa;https://loja.mirapack.pt/274-large_default/fita-metalizada-roxa.jpg;mirapack;169,artes e artesanato;169,artes e artesanato;17;6,33;;;;;;;;;;
184;Fita Metalizada Verde;Fita Metalizada Verde;in stock;new;6,33;https://www.facebook.com/facebook_fita_metalizada_verde;https://loja.mirapack.pt/275-large_default/fita-metalizada-verde.jpg;mirapack;169,artes e artesanato;169,artes e artesanato;6;6,33;;;;;;;;;;
187;Fita Metalizada Verde Escuro;Fita Metalizada Verde Escuro;in stock;new;6,33;https://www.facebook.com/facebook_fita_metalizada_verde_escuro;https://loja.mirapack.pt/278-large_default/fita-metalizada-verde-escuro.jpg;mirapack;169,artes e artesanato;169,artes e artesanato;11;6,33;;;;;;;;;;
188;Fita Metalizada Rosa;Fita Metalizada Rosa;in stock;new;4,7;https://www.facebook.com/facebook_fita_metalizada_rosa;https://loja.mirapack.pt/279-large_default/fita-metalizada-rosa-claro.jpg;mirapack;169,artes e artesanato;169,artes e artesanato;2;4,7;;;;;;;;;;
189;Fita Padrão Vermelho;Fita Padrão Vermelho;in stock;new;12,8;https://www.facebook.com/facebook_fita_padrao_vermelho;https://loja.mirapack.pt/280-large_default/fita-padrao-vermelho.jpg;mirapack;169,artes e artesanato;169,artes e artesanato;5;12,8;;;;;;;;;;
190;Fita Metalizada Ouro;Fita Metalizada Ouro;in stock;new;6,33;https://www.facebook.com/facebook_fita_metalizada_ouro;https://loja.mirapack.pt/281-large_default/fita-metalizada-ouro.jpg;mirapack;169,artes e artesanato;169,artes e artesanato;13;6,33;;;;;;;;;;
191;Fita Metalizada Azul Turquesa;Fita Metalizada Azul Turquesa;in stock;new;4,7;https://www.facebook.com/facebook_fita_metalizada_azul;https://loja.mirapack.pt/284-large_default/fita-metalizada-azul-turquesa.jpg;mirapack;169,artes e artesanato;169,artes e artesanato;2;4,7;;;;;;;;;;
192;Fita Metalizada Lilás;Fita Metalizada Lilás;in stock;new;4,7;https://www.facebook.com/facebook_fita_metalizada_lilas;https://loja.mirapack.pt/285-large_default/fita-metalizada-lilas.jpg;mirapack;169,artes e artesanato;169,artes e artesanato;15;4,7;;;;;;;;;;
193;Fita Padrão Prata com Corações;Fita Padrão Prata com Corações;in stock;new;8,54;https://www.facebook.com/facebook_fita_padrao_prata_com_coracoes;https://loja.mirapack.pt/286-large_default/fita-padrao-prata-com-coracoes.jpg;mirapack;169,artes e artesanato;169,artes e artesanato;55;8,54;;;;;;;;;;
194;Fita Papel Azul Escuro;Fita Papel Azul Escuro;in stock;new;9,67;https://www.facebook.com/facebook_fita_papel_azul_escuro;https://loja.mirapack.pt/287-large_default/fita-papel-azul-escuro.jpg;mirapack;169,artes e artesanato;169,artes e artesanato;30;9,67;;;;;;;;;;
195;Fita Papel Azul Petróleo;Fita Papel Azul Petróleo;in stock;new;9,67;https://www.facebook.com/facebook_fita_papel_azul_petroleo;https://loja.mirapack.pt/289-large_default/fita-papel-azul-petroleo.jpg;mirapack;169,artes e artesanato;169,artes e artesanato;32;9,67;;;;;;;;;;
196;Fita Papel Cinza;Fita Papel Cinza;in stock;new;9,67;https://www.facebook.com/facebook_fita_papel_cinza;https://loja.mirapack.pt/295-large_default/fita-papel-cinza.jpg;mirapack;169,artes e artesanato;169,artes e artesanato;8;9,67;;;;;;;;;;
197;Fita Papel Ouro;Fita Papel Ouro;in stock;new;9,67;https://www.facebook.com/facebook_fita_papel_ouro;https://loja.mirapack.pt/302-large_default/fita-papel-ouro.jpg;mirapack;169,artes e artesanato;169,artes e artesanato;63;9,67;;;;;;;;;;
198;Fita Papel Prata;Fita Papel Prata;in stock;new;9,67;https://www.facebook.com/facebook_fita_papel_prata;https://loja.mirapack.pt/304-large_default/fita-papel-prata.jpg;mirapack;169,artes e artesanato;169,artes e artesanato;154;9,67;;;;;;;;;;
199;Fita Papel Preta;Fita Papel Preta;in stock;new;9,67;https://www.facebook.com/facebook_fita_papel_preta;https://loja.mirapack.pt/307-large_default/fita-papel-preta.jpg;mirapack;169,artes e artesanato;169,artes e artesanato;81;9,67;;;;;;;;;;
200;Fita Papel Roxa;Fita Papel Roxa;in stock;new;9,67;https://www.facebook.com/facebook_fita_papel_roxa;https://loja.mirapack.pt/310-large_default/fita-papel-roxa.jpg;mirapack;169,artes e artesanato;169,artes e artesanato;6;9,67;;;;;;;;;;
201;Fita Papel Verde Musgo;Fita Papel Verde Musgo;in stock;new;9,67;https://www.facebook.com/facebook_fita_papel_verde_musgo;https://loja.mirapack.pt/312-large_default/fita-papel-verde-musgo.jpg;mirapack;169,artes e artesanato;169,artes e artesanato;14;9,67;;;;;;;;;;
202;Fita Papel Vermelha;Fita Papel Vermelha;in stock;new;9,67;https://www.facebook.com/facebook_fita_papel_vermelha;https://loja.mirapack.pt/316-large_default/fita-papel-vermelha.jpg;mirapack;169,artes e artesanato;169,artes e artesanato;24;9,67;;;;;;;;;;
203;Fita Papel Vermelha Escura;Fita Papel Vermelha Escura;in stock;new;9,67;https://www.facebook.com/facebook_fita_papel_vermelha;https://loja.mirapack.pt/318-large_default/fita-papel-vermelha-escura.jpg;mirapack;169,artes e artesanato;169,artes e artesanato;7;9,67;;;;;;;;;;
204;Fita Papel Lilás;Fita Papel Lilás;in stock;new;9,67;https://www.facebook.com/facebook_fita_papel_lilas;https://loja.mirapack.pt/320-large_default/fita-papel-lilas.jpg;mirapack;169,artes e artesanato;169,artes e artesanato;26;9,67;;;;;;;;;;
205;Fita Papel Cobre;Fita Papel Cobre;in stock;new;8,98;https://www.facebook.com/facebook_fita_papel_cobre;https://loja.mirapack.pt/322-large_default/fita-papel-cobre.jpg;mirapack;169,artes e artesanato;169,artes e artesanato;2;8,98;;;;;;;;;;
206;Fita Papel Bege;Fita Papel Bege;in stock;new;8,98;https://www.facebook.com/facebook_fita_papel_beje;https://loja.mirapack.pt/323-large_default/fita-papel-beje.jpg;mirapack;169,artes e artesanato;169,artes e artesanato;3;8,98;;;;;;;;;;
207;Fita Papel Bordeaux;Fita Papel Bordeaux;in stock;new;8,98;https://www.facebook.com/facebook_fita_papel_bordeaux;https://loja.mirapack.pt/324-large_default/fita-papel-bordeaux.jpg;mirapack;169,artes e artesanato;169,artes e artesanato;35;8,98;;;;;;;;;;
208;Fita Papel Verde;Fita Papel Verde;in stock;new;8,98;https://www.facebook.com/facebook_fita_papel_verde;https://loja.mirapack.pt/329-large_default/fita-papel-verde.jpg;mirapack;169,artes e artesanato;169,artes e artesanato;7;8,98;;;;;;;;;;
209;Fita Papel Verde Escuro;Fita Papel Verde Escuro;in stock;new;8,98;https://www.facebook.com/facebook_fita_papel_verde_escuro;https://loja.mirapack.pt/330-large_default/fita-papel-verde-escuro.jpg;mirapack;169,artes e artesanato;169,artes e artesanato;49;8,98;;;;;;;;;;
210;Fita Papel Verde Tijolo;Fita Papel Verde Tijolo;in stock;new;8,98;https://www.facebook.com/facebook_fita_papel_verde_tijolo ;https://loja.mirapack.pt/330-large_default/fita-papel-verde-escuro.jpg;mirapack;169,artes e artesanato;169,artes e artesanato;8;8,98;;;;;;;;;;
211;Fita Papel Azul Claro;Fita Papel Azul Claro;in stock;new;9,67;https://www.facebook.com/facebook_fita-papel-azul;https://loja.mirapack.pt/334-large_default/fita-papel-azul-claro.jpg;mirapack;169,artes e artesanato;169,artes e artesanato;18;9,67;;;;;;;;;;
212;Fita Papel Rosa;Fita Papel Rosa;in stock;new;9,29;https://www.facebook.com/facebook_fita_papel_rosa;https://loja.mirapack.pt/337-large_default/fita-papel-rosa.jpg;mirapack;169,artes e artesanato;169,artes e artesanato;37;9,29;;;;;;;;;;
213;Fita Papel Ouro Musgo;Fita Papel Ouro Musgo;in stock;new;9,67;https://www.facebook.com/facebook_fita_papel_ouro_musgo;https://loja.mirapack.pt/341-large_default/fita-papel-ouro-musgo.jpg;mirapack;169,artes e artesanato;169,artes e artesanato;11;9,67;;;;;;;;;;
214;Fita Papel Branco;Fita Papel Branco;in stock;new;9,67;https://www.facebook.com/facebook_fita_papel_branco;https://loja.mirapack.pt/343-large_default/fita-papel-branco.jpg;mirapack;169,artes e artesanato;169,artes e artesanato;38;9,67;;;;;;;;;;
216;Fita Papel Azul;Fita Papel Azul;in stock;new;9,29;https://www.facebook.com/facebook_fita_papel_azul;https://loja.mirapack.pt/345-large_default/fita-papel-azul.jpg;mirapack;169,artes e artesanato;169,artes e artesanato;7;9,29;;;;;;;;;;
217;Fita Papel Rosa Claro;Fita Papel Rosa Claro;in stock;new;9,29;https://www.facebook.com/facebook_fita_papel_rosa_claro;https://loja.mirapack.pt/346-large_default/fita-papel-rosa-claro.jpg;mirapack;169,artes e artesanato;169,artes e artesanato;12;9,29;;;;;;;;;;
218;Fita Papel Verde Alface;Fita Papel Verde Alface;in stock;new;9,29;https://www.facebook.com/facebook_fita_papel_verde_alface;https://loja.mirapack.pt/347-large_default/fita-papel-verde-alface.jpg;mirapack;169,artes e artesanato;169,artes e artesanato;22;9,29;;;;;;;;;;
219;Fita Papel Verde Escuro;Fita Papel Verde Escuro;in stock;new;8,98;https://www.facebook.com/facebook_fita_papel_verde_escuro;https://loja.mirapack.pt/349-large_default/fita-papel-verde-escuro.jpg;mirapack;169,artes e artesanato;169,artes e artesanato;22;8,98;;;;;;;;;;
220;Fita Papel Fuschia;Fita Papel Fuschia;in stock;new;12,35;https://www.facebook.com/facebook_fita_papel_fuschia;https://loja.mirapack.pt/350-large_default/fita-papel-fuschia.jpg;mirapack;169,artes e artesanato;169,artes e artesanato;17;12,35;;;;;;;;;;
221;Fita Papel Rosa Velho;Fita Papel Rosa Velho;in stock;new;12,35;https://www.facebook.com/facebook_fita_papel_rosa_velho;https://loja.mirapack.pt/351-large_default/fita-papel-rosa-velho.jpg;mirapack;169,artes e artesanato;169,artes e artesanato;1;12,35;;;;;;;;;;
222;Fita Wave Ouro;Fita Wave Ouro;in stock;new;5,9;https://www.facebook.com/facebook_fita_wave-_uro;https://loja.mirapack.pt/352-large_default/fita-wave-ouro.jpg;mirapack;169,artes e artesanato;169,artes e artesanato;232;5,9;;;;;;;;;;
223;Fita Wave Prata;Fita Wave Prata;in stock;new;5,9;https://www.facebook.com/facebook_fita_wave_prata;https://loja.mirapack.pt/354-large_default/fita-wave-prata.jpg;mirapack;169,artes e artesanato;169,artes e artesanato;285;5,9;;;;;;;;;;
225;Fita Wave Bordeaux;Fita Wave Bordeaux;in stock;new;4,63;https://www.facebook.com/facebook_fita_wave_bordeaux;https://loja.mirapack.pt/356-large_default/fita-wave-bordeaux.jpg;mirapack;169,artes e artesanato;169,artes e artesanato;123;4,63;;;;;;;;;;
226;Fita Wave Branca;Fita Wave Branca;in stock;new;4,63;https://www.facebook.com/facebook_fita_wave_branca;https://loja.mirapack.pt/357-large_default/fita-wave-branca.jpg;mirapack;169,artes e artesanato;169,artes e artesanato;9;4,63;;;;;;;;;;
227;Fita Wave Castanha;Fita Wave Castanha;in stock;new;4,63;https://www.facebook.com/facebook_fita_wave_castanha;https://loja.mirapack.pt/358-large_default/fita-wave-castanha.jpg;mirapack;169,artes e artesanato;169,artes e artesanato;8;4,63;;;;;;;;;;
228;Fita Wave Verde Escuro;Fita Wave Verde Escuro;in stock;new;4,63;https://www.facebook.com/facebook_fita_wave_verde_escuro;https://loja.mirapack.pt/359-large_default/fita-wave-verde-escuro.jpg;mirapack;169,artes e artesanato;169,artes e artesanato;52;4,63;;;;;;;;;;
229;Fita Wave Vermelha;Fita Wave Vermelha;in stock;new;4,63;https://www.facebook.com/facebook_fita_wave_vermelha;https://loja.mirapack.pt/360-large_default/fita-wave-vermelha.jpg;mirapack;169,artes e artesanato;169,artes e artesanato;62;4,63;;;;;;;;;;
231;Fita Ráfia Bege;Fita Ráfia Bege;in stock;new;6,99;https://www.facebook.com/facebook_fita_rafia_beje;https://loja.mirapack.pt/362-large_default/fita-rafia-beje.jpg;mirapack;169,artes e artesanato;169,artes e artesanato;4;6,99;;;;;;;;;;
232;Fita Ráfia Verde;Fita Ráfia Verde;in stock;new;9,69;https://www.facebook.com/facebook_fita_rafia_verde;https://loja.mirapack.pt/364-large_default/fita-rafia-verde.jpg;mirapack;169,artes e artesanato;169,artes e artesanato;13;9,69;;;;;;;;;;
235;Fita Ráfia Verde Escuro;Fita Ráfia Verde Escuro;in stock;new;4,49;https://www.facebook.com/facebook_fita_rafia_verde;https://loja.mirapack.pt/366-large_default/fita-rafia-verde-escuro.jpg;mirapack;169,artes e artesanato;169,artes e artesanato;8;4,49;;;;;;;;;;
236;Fita Ráfia Azul;Fita Ráfia Azul;in stock;new;7,49;https://www.facebook.com/facebook_fita_rafia_azul;https://loja.mirapack.pt/368-large_default/fita-rafia-azul.jpg;mirapack;169,artes e artesanato;169,artes e artesanato;1;7,49;;;;;;;;;;
237;Fita Ráfia Castanha;Fita Ráfia Castanha;in stock;new;4,49;https://www.facebook.com/facebook_fita_rafia_castanha;https://loja.mirapack.pt/369-large_default/fita-rafia-castanha.jpg;mirapack;169,artes e artesanato;169,artes e artesanato;18;4,49;;;;;;;;;;
238;Fita Ráfia Laranja;Fita Ráfia Laranja;in stock;new;9,69;https://www.facebook.com/facebook_fita_rafia_laranja;https://loja.mirapack.pt/371-large_default/fita-rafia-laranja.jpg;mirapack;169,artes e artesanato;169,artes e artesanato;13;9,69;;;;;;;;;;
239;Fita Ráfia Ouro;Fita Ráfia Ouro;in stock;new;9,69;https://www.facebook.com/facebook_fita_rafia_ouro;https://loja.mirapack.pt/372-large_default/fita-rafia-ouro.jpg;mirapack;169,artes e artesanato;169,artes e artesanato;12;9,69;;;;;;;;;;
240;Fita Ráfia Prata;Fita Ráfia Prata;in stock;new;7,49;https://www.facebook.com/facebook_fita_rafia_prata;https://loja.mirapack.pt/373-large_default/fita-rafia-prata.jpg;mirapack;169,artes e artesanato;169,artes e artesanato;15;7,49;;;;;;;;;;
242;Fita Ráfia Amarela;Fita Ráfia Amarela;in stock;new;7,49;https://www.facebook.com/facebook_fita_rafia_amarela;https://loja.mirapack.pt/376-large_default/fita-rafia-amarela.jpg;mirapack;169,artes e artesanato;169,artes e artesanato;4;7,49;;;;;;;;;;
243;Fita Ráfia Preta;Fita Ráfia Preta;in stock;new;7,49;https://www.facebook.com/facebook_fita_rafia_preta;https://loja.mirapack.pt/378-large_default/fita-rafia-preta.jpg;mirapack;169,artes e artesanato;169,artes e artesanato;0;7,49;;;;;;;;;;
244;Fita Ráfia Rosa;Fita Ráfia Rosa;in stock;new;7,49;https://www.facebook.com/facebook_fita_rafia_rosa;https://loja.mirapack.pt/379-large_default/fita-rafia-rosa.jpg;mirapack;169,artes e artesanato;169,artes e artesanato;1;7,49;;;;;;;;;;
245;Fita Ráfia Roxa;Fita Ráfia Roxa;in stock;new;7,49;https://www.facebook.com/facebook_fita_rafia_roxa;https://loja.mirapack.pt/380-large_default/fita-rafia-roxa.jpg;mirapack;169,artes e artesanato;169,artes e artesanato;1;7,49;;;;;;;;;;
246;Fita Ráfia Branca;Fita Ráfia Branca;in stock;new;4,49;https://www.facebook.com/facebook_fita_rafia_branca;https://loja.mirapack.pt/381-large_default/fita-rafia-branca.jpg;mirapack;169,artes e artesanato;169,artes e artesanato;1;4,49;;;;;;;;;;
248;Laço Autocolante Mate Prata - Pack 100 un.;Laço Autocolante Mate Prata - Pack 100 un.;in stock;new;7,99;https://www.facebook.com/facebook_laco_autocolante_mate_prata;https://loja.mirapack.pt/383-large_default/laco-autocolante-mate-prata.jpg;mirapack;169,artes e artesanato;169,artes e artesanato;0;7,99;;;;;;;;;;
250;Laço Autocolante Metalizado Ouro;Laço Autocolante Metalizado Ouro;in stock;new;10,49;https://www.facebook.com/facebook_laco_autocolante_metalizado_ouro;https://loja.mirapack.pt/384-large_default/laco-autocolante-metalizado-ouro.jpg;mirapack;169,artes e artesanato;169,artes e artesanato;15;10,49;;;;;;;;;;
251;Laço Autocolante Metalizado Prata;Laço Autocolante Metalizado Prata;in stock;new;10,49;https://www.facebook.com/facebook_laco_autocolante_metalizado_prata;https://loja.mirapack.pt/388-large_default/laco-autocolante-metalizado-prata.jpg;mirapack;169,artes e artesanato;169,artes e artesanato;33;10,49;;;;;;;;;;
252;Laço Autocolante Metalizado Vermelho;Laço Autocolante Metalizado Vermelho;in stock;new;10,49;https://www.facebook.com/facebook_laco_autocolante_metalizado_vermelho;https://loja.mirapack.pt/393-large_default/laco-autocolante-metalizado-vermelho.jpg;mirapack;169,artes e artesanato;169,artes e artesanato;2;10,49;;;;;;;;;;
254;Laço Autocolante Metalizado Azul;Laço Autocolante Metalizado Azul;in stock;new;13,49;https://www.facebook.com/facebook_laco_autocolante_metalizado_azul;https://loja.mirapack.pt/394-large_default/laco-autocolante-metalizado-azul.jpg;mirapack;169,artes e artesanato;169,artes e artesanato;22;13,49;;;;;;;;;;
255;Laço Autocolante Papel Azul Claro;Laço Autocolante Papel Azul Claro;in stock;new;12,19;https://www.facebook.com/facebook_laco_autocolante_papel_azul_claro;https://loja.mirapack.pt/395-large_default/laco-autocolante-papel-azul-claro.jpg;mirapack;169,artes e artesanato;169,artes e artesanato;7;12,19;;;;;;;;;;
256;Laço Autocolante Papel Branco;Laço Autocolante Papel Branco;in stock;new;12,19;https://www.facebook.com/facebook_laco_autocolante_papel_branco;https://loja.mirapack.pt/396-large_default/laco-autocolante-papel-branco.jpg;mirapack;169,artes e artesanato;169,artes e artesanato;6;12,19;;;;;;;;;;
257;Laço Autocolante Papel Ouro;Laço Autocolante Papel Ouro;in stock;new;12,19;https://www.facebook.com/facebook_laco_autocolante_papel_ouro;https://loja.mirapack.pt/397-large_default/laco-autocolante-papel-ouro.jpg;mirapack;169,artes e artesanato;169,artes e artesanato;20;12,19;;;;;;;;;;
258;Laço Autocolante Papel Prata;Laço Autocolante Papel Prata;in stock;new;12,19;https://www.facebook.com/facebook_laco_autocolante_papel_prata;https://loja.mirapack.pt/399-large_default/laco-autocolante-papel-prata.jpg;mirapack;169,artes e artesanato;169,artes e artesanato;26;12,19;;;;;;;;;;
259;Laço Autocolante Papel Rosa Claro;Laço Autocolante Papel Rosa Claro;in stock;new;12,19;https://www.facebook.com/facebook_laco_autocolante_rosa_claro;https://loja.mirapack.pt/401-large_default/laco-autocolante-rosa-claro.jpg;mirapack;169,artes e artesanato;169,artes e artesanato;8;12,19;;;;;;;;;;
261;Laço Autocolante Papel Vermelho;Laço Autocolante Papel Vermelho;in stock;new;12,19;https://www.facebook.com/facebook_laco_autocolante_papel_vermelho;https://loja.mirapack.pt/402-large_default/laco-autocolante-papel-vermelho.jpg;mirapack;169,artes e artesanato;169,artes e artesanato;17;12,19;;;;;;;;;;
262;Laço Autocolante Wave Azul Petróleo;Laço Autocolante Wave Azul Petróleo;in stock;new;10,99;https://www.facebook.com/facebook_fita_wave_autocolante_azul_petroleo;https://loja.mirapack.pt/404-large_default/fita-wave-autocolante-azul-petroleo.jpg;mirapack;169,artes e artesanato;169,artes e artesanato;8;10,99;;;;;;;;;;
263;Laço Autocolante Wave Prata;Laço Autocolante Wave Prata;in stock;new;10,99;https://www.facebook.com/facebook_fita_wave_autocolante_prata;https://loja.mirapack.pt/405-large_default/fita-wave-autocolante-prata.jpg;mirapack;169,artes e artesanato;169,artes e artesanato;3;10,99;;;;;;;;;;
264;Laço Autocolante Wave Vermelho;Laço Autocolante Wave Vermelho;in stock;new;10,99;https://www.facebook.com/facebook_fita_autocolante_wave_vermelho;https://loja.mirapack.pt/406-large_default/fita-autocolante-wave-vermelho.jpg;mirapack;169,artes e artesanato;169,artes e artesanato;26;10,99;;;;;;;;;;
265;Laço Puxar Papel Bobine Prata 40 peças;Laço Puxar Papel Bobine Prata 40 peças;in stock;new;15,29;https://www.facebook.com/facebook_laco_puxar_papel_bobine_prata;https://loja.mirapack.pt/407-large_default/fita-de-puxar-papel-bobine-prata-40-pecas.jpg;mirapack;169,artes e artesanato;169,artes e artesanato;10;15,29;;;;;;;;;;
268;Laço Puxar Papel Bobine Verde Claro 40 peças;Laço Puxar Papel Bobine Verde Claro 40 peças;in stock;new;15,29;https://www.facebook.com/facebook_laco_puxar_papel_bobine_verde_claro;https://loja.mirapack.pt/408-large_default/fita-puxar-papel-bobine-verde-claro-40-pecas.jpg;mirapack;169,artes e artesanato;169,artes e artesanato;11;15,29;;;;;;;;;;
270;Laço Puxar Papel Bobine Vermelha 40 peças;Laço Puxar Papel Bobine Vermelha 40 peças;in stock;new;15,29;https://www.facebook.com/facebook_laco_puxar_papel_bobine_vermelha;https://loja.mirapack.pt/409-large_default/fita-puxar-papel-bobine-vermelha-40-pecas.jpg;mirapack;169,artes e artesanato;169,artes e artesanato;9;15,29;;;;;;;;;;
271;Laço Puxar Papel Bobine Bordeaux 30 mt;Laço Puxar Papel Bobine Bordeaux 30 mt;in stock;new;10,69;https://www.facebook.com/facebook_laco_puxar_papel_bobine_bordeaux;https://loja.mirapack.pt/410-large_default/laco-puxar-papel-bobine-bordeaux-30-mt.jpg;mirapack;169,artes e artesanato;169,artes e artesanato;13;10,69;;;;;;;;;;
272;Laço Puxar Papel Bobine Prata 30 mt;Laço Puxar Papel Bobine Prata 30 mt;in stock;new;10,69;https://www.facebook.com/facebook_laco_puxar_papel_bobine_prata;https://loja.mirapack.pt/411-large_default/laco-puxar-papel-bobine-prata-30-mt.jpg;mirapack;169,artes e artesanato;169,artes e artesanato;5;10,69;;;;;;;;;;
273;Laço Puxar Brilho Vermelho;Laço Puxar Brilho Vermelho;in stock;new;12,49;https://www.facebook.com/facebook_laco_puxar_brilho_vermelho;https://loja.mirapack.pt/412-large_default/laco-puxar-brilho-vermelho.jpg;mirapack;169,artes e artesanato;169,artes e artesanato;35;12,49;;;;;;;;;;
274;Laço Puxar Metal Ouro;Laço Puxar Metal Ouro;in stock;new;12,49;https://www.facebook.com/facebook_laco_puxar_metal_ouro;https://loja.mirapack.pt/414-large_default/laco-puxar-metal-ouro.jpg;mirapack;169,artes e artesanato;169,artes e artesanato;59;12,49;;;;;;;;;;
275;Laço Puxar Metal Prata;Laço Puxar Metal Prata;in stock;new;12,49;https://www.facebook.com/facebook_laco_puxar_metal_prata;https://loja.mirapack.pt/416-large_default/laco-puxar-metal-prata.jpg;mirapack;169,artes e artesanato;169,artes e artesanato;36;12,49;;;;;;;;;;
276;Laço Puxar Papel Azul;Laço Puxar Papel Azul;in stock;new;18,99;https://www.facebook.com/facebook_laco_puxar_papel _azul;https://loja.mirapack.pt/418-large_default/laco-puxar-papel-azul.jpg;mirapack;169,artes e artesanato;169,artes e artesanato;4;18,99;;;;;;;;;;
277;Laço Puxar Papel Azul Petróleo;Laço Puxar Papel Azul Petróleo;in stock;new;10,95;https://www.facebook.com/facebook_laco_puxar_azul_petroleo;https://loja.mirapack.pt/419-large_default/laco-puxar-papel-azul-petroleo.jpg;mirapack;169,artes e artesanato;169,artes e artesanato;28;10,95;;;;;;;;;;
278;Laço Puxar Papel Rosa;Laço Puxar Papel Rosa;in stock;new;18,99;https://www.facebook.com/facebook_laco_puxar_papel_rosa;https://loja.mirapack.pt/420-large_default/laco-puxar-papel-rosa.jpg;mirapack;169,artes e artesanato;169,artes e artesanato;2;18,99;;;;;;;;;;
279;Laço Puxar Papel Verde Alface;Laço Puxar Papel Verde Alface;in stock;new;18,99;https://www.facebook.com/facebook_laco_puxar_verde_alface;https://loja.mirapack.pt/421-large_default/laco-puxar-papel-verde-alface.jpg;mirapack;169,artes e artesanato;169,artes e artesanato;6;18,99;;;;;;;;;;
280;Saqueta Bola de Berlim - Milheiro;Saqueta Bola de Berlim - Milheiro;in stock;new;8,3;https://www.facebook.com/facebook_saqueta_bola_de_berlim_de_milheiro;https://loja.mirapack.pt/422-large_default/saqueta-bola-de-berlim-70-g.jpg;mirapack;169,artes e artesanato;169,artes e artesanato;0;8,3;;;;;;;;;;
281;Saqueta Batata Frita - Milheiro;Saqueta Batata Frita - Milheiro;in stock;new;19,37;https://www.facebook.com/facebook_saqueta_batata_frita;https://loja.mirapack.pt/423-large_default/saqueta-batata-frita.jpg;mirapack;169,artes e artesanato;169,artes e artesanato;2;19,37;;;;;;;;;;
282;Saqueta Corte de Feijão - Pack 100 un.;Saqueta Corte de Feijão - Pack 100 un.;in stock;new;12,73;https://www.facebook.com/facebook_saqueta_corte_de_feijao;https://loja.mirapack.pt/424-large_default/saqueta-corte-de-feijao.jpg;mirapack;169,artes e artesanato;169,artes e artesanato;177;12,73;;;;;;;;;;
283;Saqueta de Papel Kraft Branco - Pack 125 un.;Saqueta de Papel Kraft Branco - Pack 125 un.;in stock;new;1,2;https://www.facebook.com/facebook_saqueta_de_papel_kraft_branco;https://loja.mirapack.pt/564-large_default/saqueta-de-papel-kraft.jpg;mirapack;169,artes e artesanato;169,artes e artesanato;197;1,2;;;;;;;;;;
284;Saco para Pão - Saqueta Kraft Natural - Pack 100 un.;Saco para Pão - Saqueta Kraft Natural - Pack 100 un.;in stock;new;29,27;https://www.facebook.com/facebook_saco_para_pao_saqueta_kraft_natural;https://loja.mirapack.pt/428-large_default/saco-para-pao-saqueta-kraft-natural.jpg;mirapack;169,artes e artesanato;169,artes e artesanato;2;29,27;;;;;;;;;;
285;Saco Papel Corte Feijão c/ Pala;Saco Papel Corte Feijão c/ Pala;in stock;new;7,26;https://www.facebook.com/facebook_saco_papel_corte_feijao_de_pala;https://loja.mirapack.pt/429-large_default/saco-papel-corte-feijao-c-pala.jpg;mirapack;169,artes e artesanato;169,artes e artesanato;2;7,26;;;;;;;;;;
286;Saco Papel Gofrado Corte Feijão;Saco Papel Gofrado Corte Feijão;in stock;new;8,12;https://www.facebook.com/facebook_saco_papel_gofrado_corte_feijao;https://loja.mirapack.pt/430-large_default/saco-papel-gofrado-corte-feijao.jpg;mirapack;169,artes e artesanato;169,artes e artesanato;209;8,12;;;;;;;;;;
289;Saco Juta 1 Garrafa c/ Janela;Saco Juta 1 Garrafa c/ Janela;in stock;new;2,99;https://www.facebook.com/facebook_saco_juta_1_garrafa_de_janela;https://loja.mirapack.pt/432-large_default/saco-juta-1-garrafa-c-janela.jpg;mirapack;169,artes e artesanato;169,artes e artesanato;645;2,99;;;;;;;;;;
295;Saco Juta 2 Garrafas c/ Janela;Saco Juta 2 Garrafas c/ Janela;in stock;new;4,21;https://www.facebook.com/facebook_saco_juta_2_garrafas_de_Janela;https://loja.mirapack.pt/434-large_default/saco-juta-2-garrafas-c-janela.jpg;mirapack;169,artes e artesanato;169,artes e artesanato;952;4,21;;;;;;;;;;
296;Saco Juta Claro;Saco Juta Claro;in stock;new;1,85;https://www.facebook.com/facebook_saco_juta_claro;https://loja.mirapack.pt/435-large_default/saco-juta-claro.jpg;mirapack;169,artes e artesanato;169,artes e artesanato;782;1,85;;;;;;;;;;
297;Saco Juta Escuro;Saco Juta Escuro;in stock;new;1,85;https://www.facebook.com/facebook_saco_juta_escuro;https://loja.mirapack.pt/436-large_default/saco-juta-escuro.jpg;mirapack;169,artes e artesanato;169,artes e artesanato;1964;1,85;;;;;;;;;;
299;Saco Asa Torcida Natal Vermelho e Dourado;Saco Asa Torcida Natal Vermelho e Dourado;in stock;new;15,99;https://www.facebook.com/facebook_saco_asa_torcida_natal_vermelho_e_dourado;https://loja.mirapack.pt/437-large_default/saco-asa-torcida-natal-vermelho-e-dourado.jpg;mirapack;169,artes e artesanato;169,artes e artesanato;255;15,99;;;;;;;;;;
302;Saco Asa Torcida Shiny Natal;Saco Asa Torcida Shiny Natal;in stock;new;9,23;https://www.facebook.com/facebook_saco_asa_torcida_shiny_natal;https://loja.mirapack.pt/439-large_default/saco-asa-torcida-shiny-natal.jpg;mirapack;169,artes e artesanato;169,artes e artesanato;603;9,23;;;;;;;;;;
303;Saco Asa Torcida Brilho Vermelho;Saco Asa Torcida Brilho Vermelho;in stock;new;22,14;https://www.facebook.com/facebook_saco_asa_torcida_brilho_vermelho;https://loja.mirapack.pt/440-large_default/saco-asa-torcida-brilho-vermehlo.jpg;mirapack;169,artes e artesanato;169,artes e artesanato;61;22,14;;;;;;;;;;
304;Saco Asa Torcida Vermelho Estrelas;Saco Asa Torcida Vermelho Estrelas;in stock;new;11,1;https://www.facebook.com/facebook_saco_asa_torcida_vermelho_estrelas;https://loja.mirapack.pt/441-large_default/saco-asa-torcida-vermelho-estrelas.jpg;mirapack;169,artes e artesanato;169,artes e artesanato;81;11,1;;;;;;;;;;
305;Saco Asa Torcida Prata Brilho;Saco Asa Torcida Prata Brilho;in stock;new;22,14;https://www.facebook.com/facebook_saco_asa_torcida_prata_brilho;https://loja.mirapack.pt/442-large_default/saco-asa-torcida-prata-brilho.jpg;mirapack;169,artes e artesanato;169,artes e artesanato;61;22,14;;;;;;;;;;
306;Saco Asa Torcida Ouro Brilho;Saco Asa Torcida Ouro Brilho;in stock;new;22,14;https://www.facebook.com/facebook_saco_asa_torcida_ouro_brilho;https://loja.mirapack.pt/443-large_default/saco-asa-torcida-ouro-brilho.jpg;mirapack;169,artes e artesanato;169,artes e artesanato;30;22,14;;;;;;;;;;
307;Saco Asa Torcida Branco Vertical;Saco Asa Torcida Branco Vertical;in stock;new;3,79;https://www.facebook.com/facebook_saco_asa_torcida_branco_vertical;https://loja.mirapack.pt/444-large_default/saco-asa-torcida-branco-vertical.jpg;mirapack;169,artes e artesanato;169,artes e artesanato;750;3,79;;;;;;;;;;
308;Saco Asa Torcida Branco Horizontal;Saco Asa Torcida Branco Horizontal;in stock;new;5,29;https://www.facebook.com/facebook_saco_asa_torcida_branco_horizontal;https://loja.mirapack.pt/445-large_default/saco-asa-torcida-branco-horizontal.jpg;mirapack;169,artes e artesanato;169,artes e artesanato;83;5,29;;;;;;;;;;
309;Saco Asa Torcida Amarelo;Saco Asa Torcida Amarelo;in stock;new;5,15;https://www.facebook.com/facebook_saco_asa_torcida_amarelo;https://loja.mirapack.pt/446-large_default/saco-asa-torcida-amarelo.jpg;mirapack;169,artes e artesanato;169,artes e artesanato;16;5,15;;;;;;;;;;
310;Saco Asa Torcida Azul;Saco Asa Torcida Azul;in stock;new;5,15;https://www.facebook.com/facebook_saco_asa_torcida_azul;https://loja.mirapack.pt/447-large_default/saco-asa-torcida-azul.jpg;mirapack;169,artes e artesanato;169,artes e artesanato;29;5,15;;;;;;;;;;
311;Saco Asa Torcida Azul Claro;Saco Asa Torcida Azul Claro;in stock;new;6,29;https://www.facebook.com/facebook_saco_asa_torcida_azul_claro;https://loja.mirapack.pt/448-large_default/saco-asa-torcida-azul-claro.jpg;mirapack;169,artes e artesanato;169,artes e artesanato;39;6,29;;;;;;;;;;
312;Saco Asa Torcida Azul Escuro;Saco Asa Torcida Azul Escuro;in stock;new;5,15;https://www.facebook.com/facebook_saco_asa_torcida_azul_escuro;https://loja.mirapack.pt/449-large_default/saco-asa-torcida-azul-escuro.jpg;mirapack;169,artes e artesanato;169,artes e artesanato;66;5,15;;;;;;;;;;
313;Saco Asa Torcida Castanho Chocolate;Saco Asa Torcida Castanho Chocolate;in stock;new;5,15;https://www.facebook.com/facebook_saco_asa_torcida_castanho_chocolate;https://loja.mirapack.pt/450-large_default/saco-asa-torcida-castanho-chocolate.jpg;mirapack;169,artes e artesanato;169,artes e artesanato;67;5,15;;;;;;;;;;
314;Saco Asa Torcida Laranja;Saco Asa Torcida Laranja;in stock;new;5,15;https://www.facebook.com/facebook_saco_asa_torcida_laranja;https://loja.mirapack.pt/452-large_default/saco-asa-torcida-laranja.jpg;mirapack;169,artes e artesanato;169,artes e artesanato;122;5,15;;;;;;;;;;
315;Saco Asa Torcida Ouro;Saco Asa Torcida Ouro;in stock;new;5,95;https://www.facebook.com/facebook_saco_asa_torcida_ouro;https://loja.mirapack.pt/453-large_default/saco-asa-torcida-ouro.jpg;mirapack;169,artes e artesanato;169,artes e artesanato;155;5,95;;;;;;;;;;
317;Saco Asa Torcida Prata;Saco Asa Torcida Prata;in stock;new;5,95;https://www.facebook.com/facebook_saco_asa_torcida_prata;https://loja.mirapack.pt/455-large_default/saco-asa-torcida-prata.jpg;mirapack;169,artes e artesanato;169,artes e artesanato;74;5,95;;;;;;;;;;
318;Saco Asa Torcida Preto Vertical;Saco Asa Torcida Preto Vertical;in stock;new;5,15;https://www.facebook.com/facebook_saco_asa_torcida_preto_vertical;https://loja.mirapack.pt/456-large_default/saco-asa-torcida-preto-vertical.jpg;mirapack;169,artes e artesanato;169,artes e artesanato;118;5,15;;;;;;;;;;
319;Saco Asa Torcida Preto Horizontal;Saco Asa Torcida Preto Horizontal;in stock;new;7,53;https://www.facebook.com/facebook_saco_asa_torcida_preto_horizontal;https://loja.mirapack.pt/457-large_default/saco-asa-torcida-preto-horizontal.jpg;mirapack;169,artes e artesanato;169,artes e artesanato;1;7,53;;;;;;;;;;
320;Saco Asa Torcida Rosa;Saco Asa Torcida Rosa;in stock;new;5,15;https://www.facebook.com/facebook_saco_asa_torcida_rosa;https://loja.mirapack.pt/458-large_default/saco-asa-torcida-rosa.jpg;mirapack;169,artes e artesanato;169,artes e artesanato;37;5,15;;;;;;;;;;
321;Saco Asa Torcida Rosa Claro;Saco Asa Torcida Rosa Claro;in stock;new;6,89;https://www.facebook.com/facebook_saco_asa_torcida_rosa_claro;https://loja.mirapack.pt/459-large_default/saco-asa-torcida-rosa-claro.jpg;mirapack;169,artes e artesanato;169,artes e artesanato;1;6,89;;;;;;;;;;
322;Saco Asa Torcida Roxo;Saco Asa Torcida Roxo;in stock;new;5,15;https://www.facebook.com/facebook_saco_asa_torcida_roxo;https://loja.mirapack.pt/460-large_default/saco-asa-torcida-roxo.jpg;mirapack;169,artes e artesanato;169,artes e artesanato;39;5,15;;;;;;;;;;
324;Saco Asa Torcida Verde Escuro;Saco Asa Torcida Verde Escuro;in stock;new;9,59;https://www.facebook.com/facebook_saco_asa_torcida_verde_escuro;https://loja.mirapack.pt/462-large_default/saco-asa-torcida-verde-escuro.jpg;mirapack;169,artes e artesanato;169,artes e artesanato;39;9,59;;;;;;;;;;
325;Saco Asa Torcida Vermelho;Saco Asa Torcida Vermelho;in stock;new;5,15;https://www.facebook.com/facebook_saco_asa_torcida_vermelho;https://loja.mirapack.pt/463-large_default/saco-asa-torcida-vermelho.jpg;mirapack;169,artes e artesanato;169,artes e artesanato;46;5,15;;;;;;;;;;
326;Saco Asa Torcida Natural;Saco Asa Torcida Natural;in stock;new;3,38;https://www.facebook.com/facebook_saco_asa_torcida_natural;https://loja.mirapack.pt/464-large_default/saco-asa-torcida-natural.jpg;mirapack;169,artes e artesanato;169,artes e artesanato;554;3,38;;;;;;;;;;
327;Saco Asa Torcida Natural Verjurado;Saco Asa Torcida Natural Verjurado;in stock;new;3,38;https://www.facebook.com/facebook_saco_asa_torcida_natural_verjurado;https://loja.mirapack.pt/465-large_default/saco-asa-torcida-natural-verjurado.jpg;mirapack;169,artes e artesanato;169,artes e artesanato;66;3,38;;;;;;;;;;
328;Saco Asa Torcida Natural Natal;Saco Asa Torcida Natural Natal;in stock;new;9,23;https://www.facebook.com/facebook_saco_asa_torcida_natural_natal;https://loja.mirapack.pt/466-large_default/saco-asa-torcida-natural-natal.jpg;mirapack;169,artes e artesanato;169,artes e artesanato;16;9,23;;;;;;;;;;
329;Saco Asa Torcida Kraft Prata;Saco Asa Torcida Kraft Prata;in stock;new;5,49;https://www.facebook.com/facebook_saco_asa_torcida_kraft_prata;https://loja.mirapack.pt/467-large_default/saco-asa-torcida-kraft-prata.jpg;mirapack;169,artes e artesanato;169,artes e artesanato;24;5,49;;;;;;;;;;
330;Saco Asa Torcida Kraft Prata Verjurado;Saco Asa Torcida Kraft Prata Verjurado;in stock;new;5,49;https://www.facebook.com/facebook_saco_asa_torcida_kraft_prata_verjurado;https://loja.mirapack.pt/468-large_default/saco-asa-torcida-kraft-prata-verjurado.jpg;mirapack;169,artes e artesanato;169,artes e artesanato;0;5,49;;;;;;;;;;
331;Saco Asa Torcida Kraft Preto;Saco Asa Torcida Kraft Preto;in stock;new;4,64;https://www.facebook.com/facebook_saco_asa_torcida_kraft_preto;https://loja.mirapack.pt/469-large_default/saco-asa-torcida-kraft-preto.jpg;mirapack;169,artes e artesanato;169,artes e artesanato;8;4,64;;;;;;;;;;
332;Saco Asa Torcida Kraft Preto Verjurado;Saco Asa Torcida Kraft Preto Verjurado;in stock;new;8,29;https://www.facebook.com/facebook_saco_asa_torcida_kraft_preto_verjurado;https://loja.mirapack.pt/470-large_default/saco-asa-torcida-kraft-preto-verjurado.jpg;mirapack;169,artes e artesanato;169,artes e artesanato;6;8,29;;;;;;;;;;
333;Saco Asa Torcida Kraft Verde Garrafa Verjurado;Saco Asa Torcida Kraft Verde Garrafa Verjurado;in stock;new;4,69;https://www.facebook.com/facebook_saco_asa_torcida_kraft_verde_garrafa_verjurado;https://loja.mirapack.pt/471-large_default/saco-asa-torcida-kraft-verde-garrafa-verjurado.jpg;mirapack;169,artes e artesanato;169,artes e artesanato;36;4,69;;;;;;;;;;
335;Saco Asa Torcida Kraft Vermelho;Saco Asa Torcida Kraft Vermelho;in stock;new;4,64;https://www.facebook.com/facebook_saco_asa_torcida_kraft_vermelho;https://loja.mirapack.pt/472-large_default/saco-asa-torcida-kraft-vermelho.jpg;mirapack;169,artes e artesanato;169,artes e artesanato;11;4,64;;;;;;;;;;
337;Saco Asa Torcida Kraft Verjurado para 1 Garrafa;Saco Asa Torcida Kraft Verjurado para 1 Garrafa;in stock;new;9,24;https://www.facebook.com/facebook_saco_asa_torcida_kraft_verjurado_para_1_garrafa;https://loja.mirapack.pt/475-large_default/saco-asa-torcida-kraft-para-1-garrafa.jpg;mirapack;169,artes e artesanato;169,artes e artesanato;966;9,24;;;;;;;;;;
338;Saco Asa Torcida Kraft Natural Liso 1 ou 2 Garrafas;Saco Asa Torcida Kraft Natural Liso 1 ou 2 Garrafas;in stock;new;7,79;https://www.facebook.com/facebook_saco_asa_torcida_kraft_natural_liso_1_ou_2_garrafa;https://loja.mirapack.pt/478-large_default/saco-asa-torcida-kraft-para-2-garrafa.jpg;mirapack;169,artes e artesanato;169,artes e artesanato;42;7,79;;;;;;;;;;
339;Saco Asa Torcida Branco Take Away;Saco Asa Torcida Branco Take Away;in stock;new;6,79;https://www.facebook.com/facebook_saco_asa_torcida_kraft_branco_de_away;https://loja.mirapack.pt/479-large_default/saco-asa-torcida-kraft-branco-take-away.jpg;mirapack;169,artes e artesanato;169,artes e artesanato;12;6,79;;;;;;;;;;
340;Saco Asa Plana Kraft Take-Away;Saco Asa Plana Kraft Take-Away;in stock;new;5,54;https://www.facebook.com/facebook_saco_asa_plana_kraft_take_away;https://loja.mirapack.pt/481-large_default/saco-asa-plana-kraft-take-away.jpg;mirapack;169,artes e artesanato;169,artes e artesanato;90;5,54;;;;;;;;;;
346;Saco Plástico Asa de Tubo Transparente;Saco Plástico Asa de Tubo Transparente;in stock;new;2,46;https://www.facebook.com/facebook_saco_plastico_asa_de_tubo_transparente;https://loja.mirapack.pt/489-large_default/saco-plastico-asa-de-tubo-transparente.jpg;mirapack;169,artes e artesanato;169,artes e artesanato;80;2,46;;;;;;;;;;
349;Papel de Embrulho - rolo padrão - 70 cm x 2 mt.;Papel de Embrulho - rolo padrão - 70 cm x 2 mt.;in stock;new;1,85;https://www.facebook.com/facebook_papel_de_embrulho_rolo_padrao;https://loja.mirapack.pt/491-large_default/papel-de-embrulho-rolo-padrao-70-cm-x-2-mt.jpg;mirapack;169,artes e artesanato;169,artes e artesanato;50;1,85;;;;;;;;;;
353;Fita Organza Oslo;Fita Organza Oslo;in stock;new;4,86;https://www.facebook.com/facebook_fita_organza_oslo;https://loja.mirapack.pt/501-large_default/fita-organza-oslo.jpg;mirapack;169,artes e artesanato;169,artes e artesanato;15;4,86;;;;;;;;;;
357;Saco Plástico Corte Feijão Verde AD;Saco Plástico Corte Feijão Verde AD;in stock;new;7,38;https://www.facebook.com/facebook_saco_plastico_corte_feijao_de_AD;https://loja.mirapack.pt/505-large_default/saco-plastico-corte-feijao-verde-ad.jpg;mirapack;169,artes e artesanato;169,artes e artesanato;10;7,38;;;;;;;;;;
360;Saco Plástico Corte Feijão Amarelo BD;Saco Plástico Corte Feijão Amarelo BD;in stock;new;10,46;https://www.facebook.com/facebook_saco_plastico_corte_feijao_de_BD;https://loja.mirapack.pt/508-large_default/saco-plastico-corte-feijao-amarelo-bd.jpg;mirapack;169,artes e artesanato;169,artes e artesanato;17;10,46;;;;;;;;;;
363;Saco Plástico Branco c/ Asa Flexível Branca AD;Saco Plástico Branco c/ Asa Flexível Branca AD;in stock;new;7,38;https://www.facebook.com/facebook_saco_plastico_branco_com_asa_flexivel_branca_AD;https://loja.mirapack.pt/510-large_default/saco-plastico-branco-c-asa-flexivel-branca-ad.jpg;mirapack;169,artes e artesanato;169,artes e artesanato;129;7,38;;;;;;;;;;
367;Saco Asa Torcida Kraft Natural Take Away;Saco Asa Torcida Kraft Natural Take Away;in stock;new;4,29;https://www.facebook.com/facebook_saco_asa_torcida_kraft_natural_take_away;https://loja.mirapack.pt/515-large_default/saco-asa-torcida-kraft-natural-take-away.jpg;mirapack;169,artes e artesanato;169,artes e artesanato;156;4,29;;;;;;;;;;
371;Copos 4 OZ - Pack 50 un.;Copos 4 OZ - Pack 50 un.;in stock;new;1,57;https://www.facebook.com/facebook_copos_4_oz_pack_50;https://loja.mirapack.pt/518-large_default/copos-pack-50-un.jpg;mirapack;169,artes e artesanato;169,artes e artesanato;309;1,57;;;;;;;;;;
372;Copos 7 OZ - Pack 50 un.;Copos 7 OZ - Pack 50 un.;in stock;new;3,12;https://www.facebook.com/facebook_copos_7_oz_pack_50;https://loja.mirapack.pt/519-large_default/copos-7-.jpg;mirapack;169,artes e artesanato;169,artes e artesanato;180;3,12;;;;;;;;;;
373;Caixa Pastelaria - Pack 10 un.;Caixa Pastelaria - Pack 10 un.;in stock;new;3,68;https://www.facebook.com/facebook_caixa_pastelaria_pack_de_10;https://loja.mirapack.pt/522-large_default/caixa-pastelaria-pack-10-un.jpg;mirapack;169,artes e artesanato;169,artes e artesanato;204;3,68;;;;;;;;;;
375;Caixa de Cartão Kraft com Abas;Caixa de Cartão Kraft com Abas;in stock;new;11,22;https://www.facebook.com/facebook_caixa_de_cartao_kraft_de_Abas;https://loja.mirapack.pt/642-large_default/caixa-de-cartao-kraft-com-abas.jpg;mirapack;169,artes e artesanato;169,artes e artesanato;116;11,22;;;;;;;;;;
376;Caixa de Cartão Standard - Pack 10 un.;Caixa de Cartão Standard - Pack 10 un.;in stock;new;11,32;https://www.facebook.com/facebook_caixa_de_cartao_standard;https://loja.mirapack.pt/540-large_default/caixa-de-cartao-standard.jpg;mirapack;169,artes e artesanato;169,artes e artesanato;60;11,32;;;;;;;;;;
382;Saco Plástico Corte Feijão Laços BD;Saco Plástico Corte Feijão Laços BD;in stock;new;22,14;https://www.facebook.com/facebook_saco_plastico_corte_feijao_de_BD;https://loja.mirapack.pt/537-large_default/saco-plastico-corte-feijao-lacos-bd.jpg;mirapack;169,artes e artesanato;169,artes e artesanato;1;22,14;;;;;;;;;;
383;Saqueta de Papel Kraft Natural - Pack 125 un.;Saqueta de Papel Kraft Natural - Pack 125 un.;in stock;new;1,47;https://www.facebook.com/facebook_saqueta_de_papel_kraft_natural;https://loja.mirapack.pt/552-large_default/saqueta-de-papel-kraft.jpg;mirapack;169,artes e artesanato;169,artes e artesanato;161;1,47;;;;;;;;;;
384;Fita Organza;Fita Organza;in stock;new;4,86;https://www.facebook.com/facebook_fita_organza;https://loja.mirapack.pt/546-large_default/fita-organza.jpg;mirapack;169,artes e artesanato;169,artes e artesanato;197;4,86;;;;;;;;;;
385;Saco TNT com Corte Feijão - pack 25 un.;Saco TNT com Corte Feijão - pack 25 un.;in stock;new;11,59;https://www.facebook.com/facebook_saco_tnt_com_corte_feijao;https://loja.mirapack.pt/577-large_default/saco-tnt-com-corte-feijao-pack-50-un.jpg;mirapack;169,artes e artesanato;169,artes e artesanato;11;11,59;;;;;;;;;;
386;Saco PP Woven Laminado Brilho;Saco PP Woven Laminado Brilho;in stock;new;1,6;https://www.facebook.com/facebook_saco_pp_woven_laminado_brilho;https://loja.mirapack.pt/579-large_default/saco-pp-woven-laminado-brilho.jpg;mirapack;169,artes e artesanato;169,artes e artesanato;855;1,6;;;;;;;;;;
390;Saco Kraft Natural - pack 10un.;Saco Kraft Natural - pack 10un.;in stock;new;4,8;https://www.facebook.com/facebook_saco_de_kratft_natural;https://loja.mirapack.pt/586-large_default/saco-kraft-natural.jpg;mirapack;169,artes e artesanato;169,artes e artesanato;534;4,8;;;;;;;;;;
392;Tabuleiro para cabazes - packs 5 un.;Tabuleiro para cabazes - packs 5 un.;in stock;new;7,45;https://www.facebook.com/facebook_tabuleiro_para_cabazes;https://loja.mirapack.pt/584-large_default/tabuleiro-para-cabazes-packs-5-un.jpg;mirapack;169,artes e artesanato;169,artes e artesanato;34;7,45;;;;;;;;;;
394;Envelopes Coex - Pack 125 un.;Envelopes Coex - Pack 125 un.;in stock;new;11,84;https://www.facebook.com/facebook_envelope_coex;https://loja.mirapack.pt/617-large_default/envelope-coex-pack-125-un.jpg;mirapack;169,artes e artesanato;169,artes e artesanato;28;11,84;;;;;;;;;;
398;Caixa Leitão - Pack 15 un.;Caixa Leitão - Pack 15 un.;in stock;new;17,53;https://www.facebook.com/facebook_caixa_leitao;https://loja.mirapack.pt/632-large_default/caixa-leitao-pack-15-un.jpg;mirapack;169,artes e artesanato;169,artes e artesanato;6;17,53;;;;;;;;;;
401;Caixa Dia da Mãe com Abas;Caixa Dia da Mãe com Abas;in stock;new;1,79;https://www.facebook.com/facebook_caixa_dia_da_mae_com_Abas;https://loja.mirapack.pt/655-large_default/caixa-dia-da-mae.jpg;mirapack;169,artes e artesanato;169,artes e artesanato;32;1,79;;;;;;;;;;
419;Saco Asa Torcida Kraft Branco Liso 1 ou 2 Garrafas;Saco Asa Torcida Kraft Branco Liso 1 ou 2 Garrafas;in stock;new;7,99;https://www.facebook.com/facebook_saco_asa_torcida_kraft_branco_liso_1_ou_2_garrafas;https://loja.mirapack.pt/677-large_default/saco-asa-torcida-kraft-para-2-garrafa.jpg;mirapack;169,artes e artesanato;169,artes e artesanato;35;7,99;;;;;;;;;;
